image_path,text
work/bxr0r7.jpg,bxr0r7
work/g93O57.jpg,g93O57
work/0iaz9h.jpg,0iaz9h
work/mekpz7.jpg,mekpz7
work/ow02j5.jpg,ow02j5
work/fikzlt.jpg,fikzlt
work/gy27v0.jpg,gy27v0
work/oLqjzz.jpg,oLqjzz
work/x2p4fv.jpg,x2p4fv
work/0cfs5o.jpg,0cfs5o
work/88hy47.jpg,88hy47
work/d5v4jz.jpg,d5v4jz
work/rosknj.jpg,rosknj
work/9fik44.jpg,9fik44
work/9imdam.jpg,9imdam
work/k52dj9.jpg,k52dj9
work/s8g61y.jpg,s8g61y
work/894zdl.jpg,894zdl
work/o2csbx.jpg,o2csbx
work/x4ke7g.jpg,x4ke7g
work/h1ikhp.jpg,h1ikhp
work/o4tpho.jpg,o4tpho
work/ztpv1j.jpg,ztpv1j
work/a20nxf.jpg,a20nxf
work/1uofr9.jpg,1uofr9
work/1an5bg.jpg,1an5bg
work/170c4b.jpg,170c4b
work/e0phrd.jpg,e0phrd
work/O1sul4.jpg,O1sul4
work/zpwtr8.jpg,zpwtr8
work/2pah0w.jpg,2pah0w
work/skssz5.jpg,skssz5
work/vg5tgy.jpg,vg5tgy
work/nb9p80.jpg,nb9p80
work/xemziz.jpg,xemziz
work/fcekfo.jpg,fcekfo
work/nrnrhe.jpg,nrnrhe
work/8q21mu.jpg,8q21mu
work/2jnlo1.jpg,2jnlo1
work/xmzyw6.jpg,xmzyw6
work/tvhaf6.jpg,tvhaf6
work/x9tzy5.jpg,x9tzy5
work/wyn384.jpg,wyn384
work/klvbzu.jpg,klvbzu
work/spntja.jpg,spntja
work/s20p21.jpg,s20p21
work/hzohu4.jpg,hzohu4
work/ghiesf.jpg,ghiesf
work/fz0n6s.jpg,fz0n6s
work/im12pu.jpg,im12pu
work/v2wgvg.jpg,v2wgvg
work/57pumk.jpg,57pumk
work/a8ncd7.jpg,a8ncd7
work/01mihu.jpg,01mihu
work/392cay.jpg,392cay
work/dcwo0h.jpg,dcwo0h
work/2s3lhn.jpg,2s3lhn
work/qu4rv6.jpg,qu4rv6
work/ye18h2.jpg,ye18h2
work/8n9yd6.jpg,8n9yd6
work/xxgjnb.jpg,xxgjnb
work/nda6b6.jpg,nda6b6
work/vfii25.jpg,vfii25
work/ed4z57.jpg,ed4z57
work/qzm76e.jpg,qzm76e
work/jmas2x.jpg,jmas2x
work/x7gnlr.jpg,x7gnlr
work/6kewrs.jpg,6kewrs
work/5y4tgp.jpg,5y4tgp
work/dnbd0k.jpg,dnbd0k
work/k0z5ut.jpg,k0z5ut
work/qsv9do.jpg,qsv9do
work/4rvfbi.jpg,4rvfbi
work/z105k7.jpg,z105k7
work/bqrvpl.jpg,bqrvpl
work/9nb7rb.jpg,9nb7rb
work/oe8r6r.jpg,oe8r6r
work/a9jsxu.jpg,a9jsxu
work/ugqsx8.jpg,ugqsx8
work/s6cnv9.jpg,s6cnv9
work/hgh5qh.jpg,hgh5qh
work/oy8a57.jpg,oy8a57
work/sbd883.jpg,sbd883
work/ljqk5c.jpg,ljqk5c
work/yfyv5c.jpg,yfyv5c
work/ijipvj.jpg,ijipvj
work/n8ubfc.jpg,n8ubfc
work/w6qskg.jpg,w6qskg
work/y5il3t.jpg,y5il3t
work/pu6fci.jpg,pu6fci
work/cnhrj5.jpg,cnhrj5
work/7hv46j.jpg,7hv46j
work/is9uqk.jpg,is9uqk
work/6cvtkv.jpg,6cvtkv
work/lidv40.jpg,lidv40
work/u3sfah.jpg,u3sfah
work/5Ynsat.jpg,5Ynsat
work/7tilm.jpg,7tilm
work/jlqwip.jpg,jlqwip
work/ra8yv7.jpg,ra8yv7
work/qsseaw.jpg,qsseaw
work/pwjb5.jpg,pwjb5
work/n34823.jpg,n34823
work/18mw32.jpg,18mw32
work/a5mbyr.jpg,a5mbyr
work/n1s670.jpg,n1s670
work/qngl8w.jpg,qngl8w
work/2mr9m1.jpg,2mr9m1
work/0nryyi.jpg,0nryyi
work/1nsst0.jpg,1nsst0
work/bpejfx.jpg,bpejfx
work/wtfgvb.jpg,wtfgvb
work/fcf661.jpg,fcf661
work/om0q5n.jpg,om0q5n
work/04x1ig.jpg,04x1ig
work/dpp2zi.jpg,dpp2zi
work/81oi40.jpg,81oi40
work/zo23dn.jpg,zo23dn
work/d7ts5k.jpg,d7ts5k
work/6sstca.jpg,6sstca
work/wizqdk.jpg,wizqdk
work/4zqij0.jpg,4zqij0
work/865m1b.jpg,865m1b
work/7kurdq.jpg,7kurdq
work/d2p904.jpg,d2p904
work/uz1il3.jpg,uz1il3
work/gunmm1.jpg,gunmm1
work/4kfxms.jpg,4kfxms
work/nq2223.jpg,nq2223
work/6xswsu.jpg,6xswsu
work/f02l4k.jpg,f02l4k
work/q58ngs.jpg,q58ngs
work/4ociyd.jpg,4ociyd
work/7yu5jz.jpg,7yu5jz
work/rg92ql.jpg,rg92ql
work/63pxmn.jpg,63pxmn
work/zpc7jt.jpg,zpc7jt
work/mml5un.jpg,mml5un
work/4yvbfj.jpg,4yvbfj
work/9hqpa5.jpg,9hqpa5
work/se5flb.jpg,se5flb
work/0t0mvt.jpg,0t0mvt
work/sr2ej7.jpg,sr2ej7
work/jldwmq.jpg,jldwmq
work/b0plp0.jpg,b0plp0
work/wfkrc7.jpg,wfkrc7
work/okvkaj.jpg,okvkaj
work/aaitb8.jpg,aaitb8
work/arzcts.jpg,arzcts
work/rpejjk.jpg,rpejjk
work/lfgjql.jpg,lfgjql
work/nu8hpw.jpg,nu8hpw
work/rrc732.jpg,rrc732
work/gchmpa.jpg,gchmpa
work/9pcuda.jpg,9pcuda
work/er5crr.jpg,er5crr
work/n0ongw.jpg,n0ongw
work/yg6hq8.jpg,yg6hq8
work/3mvp8m.jpg,3mvp8m
work/6fvmhf.jpg,6fvmhf
work/qafcnl.jpg,qafcnl
work/bj2a1m.jpg,bj2a1m
work/rgfa76.jpg,rgfa76
work/rrhydf.jpg,rrhydf
work/e289ro.jpg,e289ro
work/i52l2u.jpg,i52l2u
work/d2vjcy.jpg,d2vjcy
work/2lw2u1.jpg,2lw2u1
work/bvpzhh.jpg,bvpzhh
work/986ve7.jpg,986ve7
work/rt75ef.jpg,rt75ef
work/bxu0ut.jpg,bxu0ut
work/ut21um.jpg,ut21um
work/0jsu5a.jpg,0jsu5a
work/ye25iu.jpg,ye25iu
work/ohgwkt.jpg,ohgwkt
work/ttp4ew.jpg,ttp4ew
work/yp0en2.jpg,yp0en2
work/0yxonai.jpg,0yxonai
work/3ns441.jpg,3ns441
work/t6zudv.jpg,t6zudv
work/h176bj.jpg,h176bj
work/u3z0wo.jpg,u3z0wo
work/n62vf0.jpg,n62vf0
work/wixqd9.jpg,wixqd9
work/mhf7v0.jpg,mhf7v0
work/94jlli.jpg,94jlli
work/qy6s6d.jpg,qy6s6d
work/h3ti3r.jpg,h3ti3r
work/k8j7kb.jpg,k8j7kb
work/stegbm.jpg,stegbm
work/osk89l.jpg,osk89l
work/lzjzsk.jpg,lzjzsk
work/8iwd1j.jpg,8iwd1j
work/eq8bbk.jpg,eq8bbk
work/iha7j4.jpg,iha7j4
work/c9peqv.jpg,c9peqv
work/v32pyw.jpg,v32pyw
work/384h67.jpg,384h67
work/ee2l3q.jpg,ee2l3q
work/qywx2g.jpg,qywx2g
work/n8tirk.jpg,n8tirk
work/mi2a6y.jpg,mi2a6y
work/8Obevq.jpg,8Obevq
work/io32bs.jpg,io32bs
work/6pphl5.jpg,6pphl5
work/5ne0zh.jpg,5ne0zh
work/yp1s9s.jpg,yp1s9s
work/dcsc5p.jpg,dcsc5p
work/rei17w.jpg,rei17w
work/f1rrfa.jpg,f1rrfa
work/229xbd.jpg,229xbd
work/pwpf80.jpg,pwpf80
work/90z2zm.jpg,90z2zm
work/26k34z.jpg,26k34z
work/is3tfb.jpg,is3tfb
work/gtqw0u.jpg,gtqw0u
work/ij6q4x.jpg,ij6q4x
work/bk087m.jpg,bk087m
work/67loju.jpg,67loju
work/tw273u.jpg,tw273u
work/627pus.jpg,627pus
work/jzys1a.jpg,jzys1a
work/1gn93l.jpg,1gn93l
work/bajg0h.jpg,bajg0h
work/le0g1g.jpg,le0g1g
work/xu79nr.jpg,xu79nr
work/jp6tjf.jpg,jp6tjf
work/k2niiq.jpg,k2niiq
work/jkih1a.jpg,jkih1a
work/lbuw2f.jpg,lbuw2f
work/6v14rd.jpg,6v14rd
work/kqljtr.jpg,kqljtr
work/vdvf66.jpg,vdvf66
work/usdynj.jpg,usdynj
work/35av3s.jpg,35av3s
work/8wswag.jpg,8wswag
work/f5vjgh.jpg,f5vjgh
work/7sbrz1.jpg,7sbrz1
work/ue4vkp.jpg,ue4vkp
work/9zq165.jpg,9zq165
work/jt0b66.jpg,jt0b66
work/fzdfba.jpg,fzdfba
work/lbdh4m.jpg,lbdh4m
work/ro5neo.jpg,ro5neo
work/bovjc1.jpg,bovjc1
work/5ughqz.jpg,5ughqz
work/s0m8ea.jpg,s0m8ea
work/m6j8zc.jpg,m6j8zc
work/qi2c71.jpg,qi2c71
work/ihad90.jpg,ihad90
work/kknwtw.jpg,kknwtw
work/8ktzxi.jpg,8ktzxi
work/voymvh.jpg,voymvh
work/ngf1y1.jpg,ngf1y1
work/11o97j.jpg,11o97j
work/jer00o.jpg,jer00o
work/3zyirv.jpg,3zyirv
work/6c8qzv.jpg,6c8qzv
work/5iqmpd.jpg,5iqmpd
work/lumuiw.jpg,lumuiw
work/lw6ee9.jpg,lw6ee9
work/dh9xdf.jpg,dh9xdf
work/q0nde9.jpg,q0nde9
work/t2wpms.jpg,t2wpms
work/bs2i1s.jpg,bs2i1s
work/yhq3u3.jpg,yhq3u3
work/yn0lms.jpg,yn0lms
work/pm1a0r.jpg,pm1a0r
work/eri7ij.jpg,eri7ij
work/3nct7n.jpg,3nct7n
work/205uur.jpg,205uur
work/ywk8to.jpg,ywk8to
work/sug4v8.jpg,sug4v8
work/w6rxfr.jpg,w6rxfr
work/z6ovcz.jpg,z6ovcz
work/q1g3q1.jpg,q1g3q1
work/0blriv.jpg,0blriv
work/jsvyo6.jpg,jsvyo6
work/m1cah3.jpg,m1cah3
work/ymsle9.jpg,ymsle9
work/fqwv60.jpg,fqwv60
work/6vyapo.jpg,6vyapo
work/u6tvf.jpg,u6tvf
work/hab2s1.jpg,hab2s1
work/2wowox.jpg,2wowox
work/ewuecj.jpg,ewuecj
work/cn8u0k.jpg,cn8u0k
work/0i0s08.jpg,0i0s08
work/8uazx9.jpg,8uazx9
work/zgj58z.jpg,zgj58z
work/2es04g.jpg,2es04g
work/3kvhvd.jpg,3kvhvd
work/unh5hh.jpg,unh5hh
work/f7qqst.jpg,f7qqst
work/uuob2h.jpg,uuob2h
work/ayx600.jpg,ayx600
work/8g9zxr.jpg,8g9zxr
work/haorss.jpg,haorss
work/djba5d.jpg,djba5d
work/2szzoa.jpg,2szzoa
work/5ctyk1.jpg,5ctyk1
work/jum9f1.jpg,jum9f1
work/pphmpi.jpg,pphmpi
work/9wbbsm.jpg,9wbbsm
work/77vhf8.jpg,77vhf8
work/lhou7w.jpg,lhou7w
work/y5azt1.jpg,y5azt1
work/mupuys.jpg,mupuys
work/tocgzo.jpg,tocgzo
work/beqaa8.jpg,beqaa8
work/z9ujco.jpg,z9ujco
work/glaisb.jpg,glaisb
work/b65z4t.jpg,b65z4t
work/ik98bd.jpg,ik98bd
work/y7w16p.jpg,y7w16p
work/j6tmnd.jpg,j6tmnd
work/zwcfkw.jpg,zwcfkw
work/qk0amf.jpg,qk0amf
work/fiz2vr.jpg,fiz2vr
work/x5y96f.jpg,x5y96f
work/9s5jbo.jpg,9s5jbo
work/h3zeda.jpg,h3zeda
work/bbptq5.jpg,bbptq5
work/tw9hwj.jpg,tw9hwj
work/4vfsr5.jpg,4vfsr5
work/5ftjmz.jpg,5ftjmz
work/pba10.jpg,pba10
work/rtunb1.jpg,rtunb1
work/5zzout.jpg,5zzout
work/8oj2tl.jpg,8oj2tl
work/y8pu3r.jpg,y8pu3r
work/j6fmws.jpg,j6fmws
work/dn069d.jpg,dn069d
work/g7vb5t.jpg,g7vb5t
work/v8ipew.jpg,v8ipew
work/nkgt5h.jpg,nkgt5h
work/ih1ci6.jpg,ih1ci6
work/qdlom.jpg,qdlom
work/2ku6kj.jpg,2ku6kj
work/87chk0.jpg,87chk0
work/4p6mt4.jpg,4p6mt4
work/8rokdb.jpg,8rokdb
work/e7vxcw.jpg,e7vxcw
work/s75vlm.jpg,s75vlm
work/lfm1yu.jpg,lfm1yu
work/n9quvu.jpg,n9quvu
work/bhz0b2.jpg,bhz0b2
work/4jvpe0.jpg,4jvpe0
work/rz86kv.jpg,rz86kv
work/reayw2.jpg,reayw2
work/93a0vh.jpg,93a0vh
work/k8vgpg.jpg,k8vgpg
work/vrlut2.jpg,vrlut2
work/434cl0.jpg,434cl0
work/e7iqx3.jpg,e7iqx3
work/3djgbr.jpg,3djgbr
work/qqkcu5.jpg,qqkcu5
work/h2cjwh.jpg,h2cjwh
work/953czr.jpg,953czr
work/klubhy.jpg,klubhy
work/s2weog.jpg,s2weog
work/7xmdt0.jpg,7xmdt0
work/1i3n77.jpg,1i3n77
work/07tyrd.jpg,07tyrd
work/raeiii.jpg,raeiii
work/z7rx03.jpg,z7rx03
work/v2o7ia.jpg,v2o7ia
work/6lxi3r.jpg,6lxi3r
work/5m5v9m.jpg,5m5v9m
work/zcx8k2.jpg,zcx8k2
work/dz7yhf.jpg,dz7yhf
work/8eo8ne.jpg,8eo8ne
work/ud62s8.jpg,ud62s8
work/1i1aqn.jpg,1i1aqn
work/6d61vc.jpg,6d61vc
work/47a4e9.jpg,47a4e9
work/05rl9l.jpg,05rl9l
work/2kclre.jpg,2kclre
work/xbryok.jpg,xbryok
work/4rnyd4.jpg,4rnyd4
work/mqbrgf.jpg,mqbrgf
work/1ng6fg.jpg,1ng6fg
work/wlzfzc.jpg,wlzfzc
work/43jgi7.jpg,43jgi7
work/r4te16.jpg,r4te16
work/u5o8nw.jpg,u5o8nw
work/w5qrqa.jpg,w5qrqa
work/lgqi1v.jpg,lgqi1v
work/igabi8.jpg,igabi8
work/atin93.jpg,atin93
work/uxwni6.jpg,uxwni6
work/22aiy8.jpg,22aiy8
work/gwh2si.jpg,gwh2si
work/fa1jdz.jpg,fa1jdz
work/4vd0ib.jpg,4vd0ib
work/cjbgha.jpg,cjbgha
work/lrdxty.jpg,lrdxty
work/1bcnn5.jpg,1bcnn5
work/fn48v7.jpg,fn48v7
work/d6roz3.jpg,d6roz3
work/ap2fww.jpg,ap2fww
work/bwolf9.jpg,bwolf9
work/vtum0b.jpg,vtum0b
work/2ow392.jpg,2ow392
work/fki9zt.jpg,fki9zt
work/9w82v6.jpg,9w82v6
work/zs9iby.jpg,zs9iby
work/1cuy9o.jpg,1cuy9o
work/qxugnn.jpg,qxugnn
work/v8wqrq.jpg,v8wqrq
work/5zhwys.jpg,5zhwys
work/6mq032.jpg,6mq032
work/6i03kx.jpg,6i03kx
work/exvu5z.jpg,exvu5z
work/fv91v0.jpg,fv91v0
work/92rmxj.jpg,92rmxj
work/tmhgn2.jpg,tmhgn2
work/t27h0f.jpg,t27h0f
work/jkwqi9.jpg,jkwqi9
work/e52fm2.jpg,e52fm2
work/m2kcx7.jpg,m2kcx7
work/pgbccn.jpg,pgbccn
work/ov50k3.jpg,ov50k3
work/86l85k.jpg,86l85k
work/vaei9j.jpg,vaei9j
work/th6apq.jpg,th6apq
work/v4j5c1.jpg,v4j5c1
work/d3thjc.jpg,d3thjc
work/01620f.jpg,01620f
work/ml87g2.jpg,ml87g2
work/erfoc6.jpg,erfoc6
work/mmkzox.jpg,mmkzox
work/d99wh3.jpg,d99wh3
work/87m7wp.jpg,87m7wp
work/fq1yz9.jpg,fq1yz9
work/wixjyh.jpg,wixjyh
work/fjc9em.jpg,fjc9em
work/ph924.jpg,ph924
work/0t2io7.jpg,0t2io7
work/qldp8w.jpg,qldp8w
work/g8a103.jpg,g8a103
work/qj8quk.jpg,qj8quk
work/4i98jc.jpg,4i98jc
work/ne75kc.jpg,ne75kc
work/d7z5ua.jpg,d7z5ua
work/9isqpy.jpg,9isqpy
work/otaekr.jpg,otaekr
work/2mjsvq.jpg,2mjsvq
work/awkn9x.jpg,awkn9x
work/1i17rp.jpg,1i17rp
work/huhw6j.jpg,huhw6j
work/734211.jpg,734211
work/8pitqu.jpg,8pitqu
work/caw6e7.jpg,caw6e7
work/zykfb0.jpg,zykfb0
work/2k3op2.jpg,2k3op2
work/cc12d4.jpg,cc12d4
work/2a0omd.jpg,2a0omd
work/8ugnk8.jpg,8ugnk8
work/2u7ehb.jpg,2u7ehb
work/2iiqgs.jpg,2iiqgs
work/w7nov2.jpg,w7nov2
work/69o10t.jpg,69o10t
work/tiitu4.jpg,tiitu4
work/vabcwh.jpg,vabcwh
work/pz4jdC.jpg,pz4jdC
work/8zo4r9.jpg,8zo4r9
work/j8nv26.jpg,j8nv26
work/ayc6zp.jpg,ayc6zp
work/ki8mej.jpg,ki8mej
work/quzqjl.jpg,quzqjl
work/dhqg7a.jpg,dhqg7a
work/93rk1b.jpg,93rk1b
work/b52ff2.jpg,b52ff2
work/54088r.jpg,54088r
work/a3nf8y.jpg,a3nf8y
work/4f48uj.jpg,4f48uj
work/1qgp8a.jpg,1qgp8a
work/snxh71.jpg,snxh71
work/ulyf0i.jpg,ulyf0i
work/shv1o.jpg,shv1o
work/2dssqt.jpg,2dssqt
work/3ylm5k.jpg,3ylm5k
work/a52ino.jpg,a52ino
work/5uqexn.jpg,5uqexn
work/dk3sqi.jpg,dk3sqi
work/bj4gsj.jpg,bj4gsj
work/zj6202.jpg,zj6202
work/4bxzkj.jpg,4bxzkj
work/qpzuh6.jpg,qpzuh6
work/75ig7t.jpg,75ig7t
work/n1p4y1.jpg,n1p4y1
work/bj11h0.jpg,bj11h0
work/4g1hmO.jpg,4g1hmO
work/77vfs3.jpg,77vfs3
work/r86k5o.jpg,r86k5o
work/zc6eyo.jpg,zc6eyo
work/mf5rtd.jpg,mf5rtd
work/0k4lp2.jpg,0k4lp2
work/hthm1d.jpg,hthm1d
work/7g143r.jpg,7g143r
work/t41ky4.jpg,t41ky4
work/mc8588.jpg,mc8588
work/o0nwbt.jpg,o0nwbt
work/fsc7te.jpg,fsc7te
work/kwswt6.jpg,kwswt6
work/8zt32y.jpg,8zt32y
work/asi94z.jpg,asi94z
work/dn0f3u.jpg,dn0f3u
work/eudbow.jpg,eudbow
work/27sxjc.jpg,27sxjc
work/2qp29k.jpg,2qp29k
work/fozyvm.jpg,fozyvm
work/xfgs4s.jpg,xfgs4s
work/2hfoca.jpg,2hfoca
work/9t875n.jpg,9t875n
work/q033ap.jpg,q033ap
work/ufuz4u.jpg,ufuz4u
work/vda9q0.jpg,vda9q0
work/h5424g.jpg,h5424g
work/pjg67x.jpg,pjg67x
work/38vbun.jpg,38vbun
work/2jnw7m.jpg,2jnw7m
work/v3z845.jpg,v3z845
work/p8y0er.jpg,p8y0er
work/f4smj5.jpg,f4smj5
work/wehdht.jpg,wehdht
work/u4d415.jpg,u4d415
work/9pk8jo.jpg,9pk8jo
work/0h5dzk.jpg,0h5dzk
work/zknxa7.jpg,zknxa7
work/bx1y1o.jpg,bx1y1o
work/pk9950.jpg,pk9950
work/qyh0pj.jpg,qyh0pj
work/qc0qfv.jpg,qc0qfv
work/2aceg1.jpg,2aceg1
work/tqzku6.jpg,tqzku6
work/e7bhed.jpg,e7bhed
work/li63j7.jpg,li63j7
work/5ooz7s.jpg,5ooz7s
work/hmv95o.jpg,hmv95o
work/8n47a0.jpg,8n47a0
work/s1k53a.jpg,s1k53a
work/k99dip.jpg,k99dip
work/sy0wvb.jpg,sy0wvb
work/9c86s4.jpg,9c86s4
work/td008e.jpg,td008e
work/hu7ccc.jpg,hu7ccc
work/a3hl8s.jpg,a3hl8s
work/ts6nbf.jpg,ts6nbf
work/iffmnj.jpg,iffmnj
work/kg1ftj.jpg,kg1ftj
work/4wxxij.jpg,4wxxij
work/1nb7yi.jpg,1nb7yi
work/458t0v.jpg,458t0v
work/52ucdo.jpg,52ucdo
work/vf28qf.jpg,vf28qf
work/5xxnyj.jpg,5xxnyj
work/bixwuc.jpg,bixwuc
work/v43czj.jpg,v43czj
work/k0xpci.jpg,k0xpci
work/f4kzze.jpg,f4kzze
work/3j5x9z.jpg,3j5x9z
work/noik5y.jpg,noik5y
work/1ttqy.jpg,1ttqy
work/ounrfj.jpg,ounrfj
work/mdqcqc.jpg,mdqcqc
work/z85zj0.jpg,z85zj0
work/4v4sva.jpg,4v4sva
work/siioxm.jpg,siioxm
work/x6iodk.jpg,x6iodk
work/fn8ddr.jpg,fn8ddr
work/nhht1d.jpg,nhht1d
work/93aqpl.jpg,93aqpl
work/jeimp2.jpg,jeimp2
work/hoy1y3.jpg,hoy1y3
work/jj2ysb.jpg,jj2ysb
work/xfyknu.jpg,xfyknu
work/3unuel.jpg,3unuel
work/lmxhmz.jpg,lmxhmz
work/5O4g0q.jpg,5O4g0q
work/xnbgbh.jpg,xnbgbh
work/43l2or.jpg,43l2or
work/5wp89n.jpg,5wp89n
work/jvszz1.jpg,jvszz1
work/l9mv02.jpg,l9mv02
work/n8iciz.jpg,n8iciz
work/lnm6p9.jpg,lnm6p9
work/c5l470.jpg,c5l470
work/5367a9.jpg,5367a9
work/n11c5h.jpg,n11c5h
work/oy9fj6.jpg,oy9fj6
work/xx6ugu.jpg,xx6ugu
work/dtkdbi.jpg,dtkdbi
work/zgfjg9.jpg,zgfjg9
work/n056c2.jpg,n056c2
work/i6rlgs.jpg,i6rlgs
work/x56j7q5.jpg,x56j7q5
work/9dqbue.jpg,9dqbue
work/03z427.jpg,03z427
work/coqcyj.jpg,coqcyj
work/1r4sxi.jpg,1r4sxi
work/dlqbwa.jpg,dlqbwa
work/nW038Y.jpg,nW038Y
work/p0gprk.jpg,p0gprk
work/u3yy74.jpg,u3yy74
work/ufw5sy.jpg,ufw5sy
work/zdb8ih.jpg,zdb8ih
work/ny2o9c.jpg,ny2o9c
work/bqt268.jpg,bqt268
work/fx6leq.jpg,fx6leq
work/b3dhgs.jpg,b3dhgs
work/f90lk8.jpg,f90lk8
work/3vl3ap.jpg,3vl3ap
work/goj1ls.jpg,goj1ls
work/38jf1a.jpg,38jf1a
work/jqhwam.jpg,jqhwam
work/n50081.jpg,n50081
work/b01t5l.jpg,b01t5l
work/us4d5g.jpg,us4d5g
work/9yhb9r.jpg,9yhb9r
work/gm37ik.jpg,gm37ik
work/jhncri.jpg,jhncri
work/6mkih6.jpg,6mkih6
work/xsln1g.jpg,xsln1g
work/fnyka6.jpg,fnyka6
work/nv3wc8.jpg,nv3wc8
work/ryi5y5.jpg,ryi5y5
work/tn6iml.jpg,tn6iml
work/9kkhsg.jpg,9kkhsg
work/9sl4nf.jpg,9sl4nf
work/gp43ez.jpg,gp43ez
work/OW8nsa.jpg,OW8nsa
work/toip0k.jpg,toip0k
work/yibx9p.jpg,yibx9p
work/zoz039.jpg,zoz039
work/m8tz0p.jpg,m8tz0p
work/m3fo1p.jpg,m3fo1p
work/mssn24.jpg,mssn24
work/gnqj8f.jpg,gnqj8f
work/lq1e22.jpg,lq1e22
work/mw7u72.jpg,mw7u72
work/3at1t6.jpg,3at1t6
work/ly99ah.jpg,ly99ah
work/mahp15.jpg,mahp15
work/1ctdod.jpg,1ctdod
work/7epw20.jpg,7epw20
work/v58wi0.jpg,v58wi0
work/aquna5.jpg,aquna5
work/j4bryo.jpg,j4bryo
work/bnz16g.jpg,bnz16g
work/t3sjgs.jpg,t3sjgs
work/nmd80b.jpg,nmd80b
work/xcmexf.jpg,xcmexf
work/j21apy.jpg,j21apy
work/0454z2.jpg,0454z2
work/l21ke5.jpg,l21ke5
work/0c7c32.jpg,0c7c32
work/qbn4k7.jpg,qbn4k7
work/z3h4fl.jpg,z3h4fl
work/t6w7kh.jpg,t6w7kh
work/wddqgt.jpg,wddqgt
work/bznsbh.jpg,bznsbh
work/vcytj7.jpg,vcytj7
work/g0pzgp.jpg,g0pzgp
work/2mgqfo.jpg,2mgqfo
work/qty9kg.jpg,qty9kg
work/rlggmn.jpg,rlggmn
work/thz8rx.jpg,thz8rx
work/7k0hpv.jpg,7k0hpv
work/v3e19s.jpg,v3e19s
work/8u1cha.jpg,8u1cha
work/m0tix5.jpg,m0tix5
work/wuhjzg.jpg,wuhjzg
work/r5y8so.jpg,r5y8so
work/rm3pag.jpg,rm3pag
work/qvlqn1.jpg,qvlqn1
work/30lgh5.jpg,30lgh5
work/4newhb.jpg,4newhb
work/6lbi8h.jpg,6lbi8h
work/alho4p.jpg,alho4p
work/rvi2ba.jpg,rvi2ba
work/xh2bo.jpg,xh2bo
work/mcpqml.jpg,mcpqml
work/0qrwzq.jpg,0qrwzq
work/qgypt3.jpg,qgypt3
work/xskr5a.jpg,xskr5a
work/aup2vw.jpg,aup2vw
work/xa72lq.jpg,xa72lq
work/c0168m.jpg,c0168m
work/ijkld5.jpg,ijkld5
work/ujzm72.jpg,ujzm72
work/gt6ig4.jpg,gt6ig4
work/qjgzd9.jpg,qjgzd9
work/865hks.jpg,865hks
work/i082xh.jpg,i082xh
work/hx79ue.jpg,hx79ue
work/ahqxtt.jpg,ahqxtt
work/ea0p1h.jpg,ea0p1h
work/fr7oiz.jpg,fr7oiz
work/bmw7cn.jpg,bmw7cn
work/sj6lgz.jpg,sj6lgz
work/i48xsy.jpg,i48xsy
work/tk3d7d.jpg,tk3d7d
work/o2sjc9.jpg,o2sjc9
work/rq2rwe.jpg,rq2rwe
work/o8hi6c.jpg,o8hi6c
work/hlgodr.jpg,hlgodr
work/zlmbox.jpg,zlmbox
work/yuj7f.jpg,yuj7f
work/opqepu.jpg,opqepu
work/4cihdb.jpg,4cihdb
work/dczu3g.jpg,dczu3g
work/hrhiup.jpg,hrhiup
work/ydo0l2.jpg,ydo0l2
work/027jkc.jpg,027jkc
work/1n038z.jpg,1n038z
work/uzf4mo.jpg,uzf4mo
work/jhz5h9.jpg,jhz5h9
work/69skl5.jpg,69skl5
work/cf2rwr.jpg,cf2rwr
work/g9udwl.jpg,g9udwl
work/d3ohbd.jpg,d3ohbd
work/vnid72.jpg,vnid72
work/gxldwr.jpg,gxldwr
work/8rg1tb.jpg,8rg1tb
work/iurqkw.jpg,iurqkw
work/90lwwo.jpg,90lwwo
work/axlju3.jpg,axlju3
work/ein3s.jpg,ein3s
work/x1boum.jpg,x1boum
work/1t7e1m.jpg,1t7e1m
work/miyiws.jpg,miyiws
work/qrlnvh.jpg,qrlnvh
work/xbykkj.jpg,xbykkj
work/e4e7iu.jpg,e4e7iu
work/v374r6.jpg,v374r6
work/s2i7bs.jpg,s2i7bs
work/ukuw9j.jpg,ukuw9j
work/8cvt79.jpg,8cvt79
work/i1qvn0.jpg,i1qvn0
work/rpfpik.jpg,rpfpik
work/o1xk1i.jpg,o1xk1i
work/hn2gv1.jpg,hn2gv1
work/nzpx48.jpg,nzpx48
work/kz6n1j.jpg,kz6n1j
work/ey4bl8.jpg,ey4bl8
work/xt4ku1.jpg,xt4ku1
work/6rgo7j.jpg,6rgo7j
work/8hc5s7.jpg,8hc5s7
work/v58mgy.jpg,v58mgy
work/ktaq91.jpg,ktaq91
work/qphic0.jpg,qphic0
work/bi83kh.jpg,bi83kh
work/eoqfk9.jpg,eoqfk9
work/tp0sbp.jpg,tp0sbp
work/fy120b.jpg,fy120b
work/so6xn4.jpg,so6xn4
work/8600sb.jpg,8600sb
work/ws11vr.jpg,ws11vr
work/v3jplm.jpg,v3jplm
work/j52y3o.jpg,j52y3o
work/9mnage.jpg,9mnage
work/zafrmc.jpg,zafrmc
work/h8ullt.jpg,h8ullt
work/ysa513.jpg,ysa513
work/67nv4u.jpg,67nv4u
work/w6x4fd.jpg,w6x4fd
work/wchbab.jpg,wchbab
work/h8ong9.jpg,h8ong9
work/5rt6j1.jpg,5rt6j1
work/7Pdeuz.jpg,7Pdeuz
work/aajyu3.jpg,aajyu3
work/7jxek6.jpg,7jxek6
work/zp9pr5.jpg,zp9pr5
work/t0k3jm.jpg,t0k3jm
work/lys2wf.jpg,lys2wf
work/oja55d.jpg,oja55d
work/lfankc.jpg,lfankc
work/73ygsm.jpg,73ygsm
work/y6r4l6.jpg,y6r4l6
work/n6lymh.jpg,n6lymh
work/ap39hu.jpg,ap39hu
work/hudba5.jpg,hudba5
work/ovpmgo.jpg,ovpmgo
work/hbl875.jpg,hbl875
work/f39pp2.jpg,f39pp2
work/viewlw.jpg,viewlw
work/j7ff48.jpg,j7ff48
work/wlkrwi.jpg,wlkrwi
work/idthtz.jpg,idthtz
work/brvjax.jpg,brvjax
work/0m03pf.jpg,0m03pf
work/6knd6b.jpg,6knd6b
work/qj8qxk.jpg,qj8qxk
work/d5b8ta.jpg,d5b8ta
work/yjj274.jpg,yjj274
work/8ey086.jpg,8ey086
work/2e1bj7.jpg,2e1bj7
work/f60jc7.jpg,f60jc7
work/os30ia.jpg,os30ia
work/4w0voo.jpg,4w0voo
work/hjci3v.jpg,hjci3v
work/9i4fmc.jpg,9i4fmc
work/zr0ece.jpg,zr0ece
work/wnj0r.jpg,wnj0r
work/ln27eu.jpg,ln27eu
work/28hnpi.jpg,28hnpi
work/upg5ig.jpg,upg5ig
work/d75cqm.jpg,d75cqm
work/pakdt8.jpg,pakdt8
work/yh7zam.jpg,yh7zam
work/lrk3kk.jpg,lrk3kk
work/nfwfms.jpg,nfwfms
work/8vdbb4.jpg,8vdbb4
work/gpu5nz.jpg,gpu5nz
work/1u96qi.jpg,1u96qi
work/u48m6b.jpg,u48m6b
work/gsnls3.jpg,gsnls3
work/9vd4r0.jpg,9vd4r0
work/140qit.jpg,140qit
work/0zk85v.jpg,0zk85v
work/dvx5ih.jpg,dvx5ih
work/5015zc.jpg,5015zc
work/apon4n.jpg,apon4n
work/mb6636.jpg,mb6636
work/lmbov5.jpg,lmbov5
work/oxxlwa.jpg,oxxlwa
work/vqxo7m.jpg,vqxo7m
work/pp7up0.jpg,pp7up0
work/t3mrs6.jpg,t3mrs6
work/w325f0.jpg,w325f0
work/mpyb6h.jpg,mpyb6h
work/qpaayw.jpg,qpaayw
work/qes3g4.jpg,qes3g4
work/i927jb.jpg,i927jb
work/950fqn.jpg,950fqn
work/36yeq0.jpg,36yeq0
work/vvi1fo.jpg,vvi1fo
work/wgyqha.jpg,wgyqha
work/vbss1x.jpg,vbss1x
work/oh939b.jpg,oh939b
work/v39krx.jpg,v39krx
work/pzt1oo.jpg,pzt1oo
work/7c66lr.jpg,7c66lr
work/xs9g2x.jpg,xs9g2x
work/2l2v2c.jpg,2l2v2c
work/i9tu07.jpg,i9tu07
work/j278kg.jpg,j278kg
work/s3zaeo.jpg,s3zaeo
work/38gyqq.jpg,38gyqq
work/sdmp9q.jpg,sdmp9q
work/styrf1.jpg,styrf1
work/awyzdn.jpg,awyzdn
work/esj5rb.jpg,esj5rb
work/qmisg1.jpg,qmisg1
work/a7duwn.jpg,a7duwn
work/tlk2pr.jpg,tlk2pr
work/c9a2dt.jpg,c9a2dt
work/w960um.jpg,w960um
work/1uz86q.jpg,1uz86q
work/9ns1h2.jpg,9ns1h2
work/8gd334.jpg,8gd334
work/v58m7t.jpg,v58m7t
work/74459k.jpg,74459k
work/8aa5oj.jpg,8aa5oj
work/warqw2.jpg,warqw2
work/6w6esd.jpg,6w6esd
work/k4peei.jpg,k4peei
work/f1j4ta.jpg,f1j4ta
work/mt58to.jpg,mt58to
work/gdawa8.jpg,gdawa8
work/wxjwir.jpg,wxjwir
work/re33kx.jpg,re33kx
work/xbnf2s.jpg,xbnf2s
work/2toh02.jpg,2toh02
work/gpje3q.jpg,gpje3q
work/c78uvg.jpg,c78uvg
work/50bmyj.jpg,50bmyj
work/b8kxkh.jpg,b8kxkh
work/lwo6z6.jpg,lwo6z6
work/h2o117.jpg,h2o117
work/pfoo6n.jpg,pfoo6n
work/p7n7uz.jpg,p7n7uz
work/6fozkv.jpg,6fozkv
work/th27xw.jpg,th27xw
work/4j02o2.jpg,4j02o2
work/201ilr.jpg,201ilr
work/yrfhlg.jpg,yrfhlg
work/0wsx4m.jpg,0wsx4m
work/jnou7f.jpg,jnou7f
work/8y4hws.jpg,8y4hws
work/koxu4q.jpg,koxu4q
work/nkgmve.jpg,nkgmve
work/nozpkx.jpg,nozpkx
work/3qvxu3.jpg,3qvxu3
work/oxvgwj.jpg,oxvgwj
work/diuo1u.jpg,diuo1u
work/2kbxxa.jpg,2kbxxa
work/lc84tk.jpg,lc84tk
work/0n6cyw.jpg,0n6cyw
work/agvviw.jpg,agvviw
work/ez58ax.jpg,ez58ax
work/8vdnjt.jpg,8vdnjt
work/5ofgb8.jpg,5ofgb8
work/vwrca0.jpg,vwrca0
work/k1n46a.jpg,k1n46a
work/6o0bpr.jpg,6o0bpr
work/yhb6xy.jpg,yhb6xy
work/pp4tl.jpg,pp4tl
work/vxwcbg.jpg,vxwcbg
work/zjaq13.jpg,zjaq13
work/4f1zwr.jpg,4f1zwr
work/lhw8ra.jpg,lhw8ra
work/geejlc.jpg,geejlc
work/xeaiww.jpg,xeaiww
work/uy91ih.jpg,uy91ih
work/6fsipl.jpg,6fsipl
work/uyb7zy.jpg,uyb7zy
work/6zxbp1.jpg,6zxbp1
work/xbj2sq.jpg,xbj2sq
work/5bc2sb.jpg,5bc2sb
work/5u7cpa.jpg,5u7cpa
work/t6vtsd.jpg,t6vtsd
work/ze89wg.jpg,ze89wg
work/7ghs2a.jpg,7ghs2a
work/btfnmu.jpg,btfnmu
work/199_output.jpg,199_output
work/82vmqt.jpg,82vmqt
work/wndg5w.jpg,wndg5w
work/rm7y6u.jpg,rm7y6u
work/sj6i6a.jpg,sj6i6a
work/5ep27z.jpg,5ep27z
work/8cy0l0.jpg,8cy0l0
work/vrtwjr.jpg,vrtwjr
work/2c8xx7.jpg,2c8xx7
work/jxsfww.jpg,jxsfww
work/ywdx5g.jpg,ywdx5g
work/ylot9k.jpg,ylot9k
work/lzjuhc.jpg,lzjuhc
work/kmgpz6.jpg,kmgpz6
work/c2cx0b.jpg,c2cx0b
work/o56430.jpg,o56430
work/ypmtx8.jpg,ypmtx8
work/cu842o.jpg,cu842o
work/4qnotv.jpg,4qnotv
work/yk77lu.jpg,yk77lu
work/evxpto.jpg,evxpto
work/6j78hi.jpg,6j78hi
work/fp2s40.jpg,fp2s40
work/81qdcr.jpg,81qdcr
work/pxjhk3.jpg,pxjhk3
work/i0ie73.jpg,i0ie73
work/5ioc7g.jpg,5ioc7g
work/q0tnh4.jpg,q0tnh4
work/h26ibv.jpg,h26ibv
work/200_output.jpg,200_output
work/alca7p.jpg,alca7p
work/0cgw24.jpg,0cgw24
work/9piffz.jpg,9piffz
work/sprpho.jpg,sprpho
work/sex39k.jpg,sex39k
work/xfo1ke.jpg,xfo1ke
work/381kad.jpg,381kad
work/f0vfa7.jpg,f0vfa7
work/knt2fh.jpg,knt2fh
work/i8a4dd.jpg,i8a4dd
work/0917vb.jpg,0917vb
work/9apzck.jpg,9apzck
work/gmq5m0.jpg,gmq5m0
work/xwrl3n.jpg,xwrl3n
work/d29gdo.jpg,d29gdo
work/jd31z2.jpg,jd31z2
work/bnpime.jpg,bnpime
work/6wuwxz.jpg,6wuwxz
work/u1q45i.jpg,u1q45i
work/xbajnl.jpg,xbajnl
work/blgspj.jpg,blgspj
work/vq3wra.jpg,vq3wra
work/e3d518.jpg,e3d518
work/4gclyl.jpg,4gclyl
work/hc54l8.jpg,hc54l8
work/vw2bw5.jpg,vw2bw5
work/0uu10w.jpg,0uu10w
work/0epltl.jpg,0epltl
work/victah.jpg,victah
work/qrwy09.jpg,qrwy09
work/hr3uoc.jpg,hr3uoc
work/0eowlg.jpg,0eowlg
work/is08p4.jpg,is08p4
work/f70wod.jpg,f70wod
work/li7daf.jpg,li7daf
work/e8lr5f.jpg,e8lr5f
work/ynegxa.jpg,ynegxa
work/kj2pe9.jpg,kj2pe9
work/ggvc1t.jpg,ggvc1t
work/g68a8c.jpg,g68a8c
work/fygeyu.jpg,fygeyu
work/kgwjsa.jpg,kgwjsa
work/3u8qk9.jpg,3u8qk9
work/g75f7f.jpg,g75f7f
work/8u658k.jpg,8u658k
work/ccn23i.jpg,ccn23i
work/b9cgju.jpg,b9cgju
work/7q53kf.jpg,7q53kf
work/wrk88h.jpg,wrk88h
work/gh9d4x.jpg,gh9d4x
work/ek0jkt.jpg,ek0jkt
work/nvb4b9.jpg,nvb4b9
work/bfenmi.jpg,bfenmi
work/hi8dva.jpg,hi8dva
work/4jje3q.jpg,4jje3q
work/zafz8n.jpg,zafz8n
work/73t4vs.jpg,73t4vs
work/kxc809.jpg,kxc809
work/0tqtkq.jpg,0tqtkq
work/tk2coj.jpg,tk2coj
work/ubu6n0.jpg,ubu6n0
work/to0yqp.jpg,to0yqp
work/rf5k77.jpg,rf5k77
work/bfmsyz.jpg,bfmsyz
work/8id2uq.jpg,8id2uq
work/b2dxdy.jpg,b2dxdy
work/8r3hgm.jpg,8r3hgm
work/91vkym.jpg,91vkym
work/a3wtsz.jpg,a3wtsz
work/jpje0m.jpg,jpje0m
work/63c5s6.jpg,63c5s6
work/ayu43h.jpg,ayu43h
work/f0j0ya.jpg,f0j0ya
work/7x6nye.jpg,7x6nye
work/lpcyaa.jpg,lpcyaa
work/p7mqjl.jpg,p7mqjl
work/l6a2bs.jpg,l6a2bs
work/51zrfc.jpg,51zrfc
work/0fibt2.jpg,0fibt2
work/ex6tqr.jpg,ex6tqr
work/uq34mh.jpg,uq34mh
work/mrxntq.jpg,mrxntq
work/rvmolh.jpg,rvmolh
work/iksu3t.jpg,iksu3t
work/qbz6mt.jpg,qbz6mt
work/yt5h0o.jpg,yt5h0o
work/tagyzn.jpg,tagyzn
work/u7xrpp.jpg,u7xrpp
work/c78hhq.jpg,c78hhq
work/f3d4vd.jpg,f3d4vd
work/97rxwu.jpg,97rxwu
work/29el5k.jpg,29el5k
work/qxuwm5.jpg,qxuwm5
work/kgvi9p.jpg,kgvi9p
work/pk1df1.jpg,pk1df1
work/c3305p.jpg,c3305p
work/4m7iiq.jpg,4m7iiq
work/fi1r9e.jpg,fi1r9e
work/oy2e4s.jpg,oy2e4s
work/da71uj.jpg,da71uj
work/qrldt4.jpg,qrldt4
work/ih72d5.jpg,ih72d5
work/596r7m.jpg,596r7m
work/06h1q9.jpg,06h1q9
work/vztgah.jpg,vztgah
work/52as4y.jpg,52as4y
work/fmzyrs.jpg,fmzyrs
work/84wcse.jpg,84wcse
work/9eqh1c.jpg,9eqh1c
work/02isi0.jpg,02isi0
work/j4hv5n.jpg,j4hv5n
work/wa1f1m.jpg,wa1f1m
work/d78str.jpg,d78str
work/3j1gy1.jpg,3j1gy1
work/zuxlsn.jpg,zuxlsn
work/7d03kq.jpg,7d03kq
work/57rpzg.jpg,57rpzg
work/rlku1x.jpg,rlku1x
work/hsv4qy.jpg,hsv4qy
work/oao9ve.jpg,oao9ve
work/msvl8a.jpg,msvl8a
work/vtj0gv.jpg,vtj0gv
work/2r42hl.jpg,2r42hl
work/o9wzo4.jpg,o9wzo4
work/fik0wj.jpg,fik0wj
work/42lya9.jpg,42lya9
work/vsyebi.jpg,vsyebi
work/dl4xw4.jpg,dl4xw4
work/bpubdq.jpg,bpubdq
work/9722ns.jpg,9722ns
work/6gd05o.jpg,6gd05o
work/d68c5b.jpg,d68c5b
work/spvegs.jpg,spvegs
work/6j52ox.jpg,6j52ox
work/y5ff0d.jpg,y5ff0d
work/ygra9j.jpg,ygra9j
work/6xb09j.jpg,6xb09j
work/0zp1oz.jpg,0zp1oz
work/ib8h6b.jpg,ib8h6b
work/td99oh.jpg,td99oh
work/axj0gx.jpg,axj0gx
work/hy3bfv.jpg,hy3bfv
work/4fpq9o.jpg,4fpq9o
work/yposk3.jpg,yposk3
work/swxi1k.jpg,swxi1k
work/0xwzl2.jpg,0xwzl2
work/b5yunv.jpg,b5yunv
work/6jgget.jpg,6jgget
work/78f880.jpg,78f880
work/nt8esc.jpg,nt8esc
work/urgigf.jpg,urgigf
work/4ozm8d.jpg,4ozm8d
work/ppc6vr.jpg,ppc6vr
work/v4xpj8.jpg,v4xpj8
work/cadvut.jpg,cadvut
work/szhu3h.jpg,szhu3h
work/q0p2ht.jpg,q0p2ht
work/l2dgsa.jpg,l2dgsa
work/ya99z1.jpg,ya99z1
work/e7fzzk.jpg,e7fzzk
work/fdxc5x.jpg,fdxc5x
work/ffbbtn.jpg,ffbbtn
work/i9vq0k.jpg,i9vq0k
work/phhd1t.jpg,phhd1t
work/yiuwmc.jpg,yiuwmc
work/0p3i0i.jpg,0p3i0i
work/bercry.jpg,bercry
work/l6yznz.jpg,l6yznz
work/urqkmq.jpg,urqkmq
work/6qwo78.jpg,6qwo78
work/m9doyf.jpg,m9doyf
work/mnasr5.jpg,mnasr5
work/jglhx2.jpg,jglhx2
work/dn3qmg.jpg,dn3qmg
work/oae07m.jpg,oae07m
work/fwimvr.jpg,fwimvr
work/9ugxb5.jpg,9ugxb5
work/dg0i47.jpg,dg0i47
work/bi7aw5.jpg,bi7aw5
work/fd3zk7.jpg,fd3zk7
work/s59eseb.jpg,s59eseb
work/j3sqyw.jpg,j3sqyw
work/84ll3i.jpg,84ll3i
work/be16xo.jpg,be16xo
work/5km1gn.jpg,5km1gn
work/mqj4kl.jpg,mqj4kl
work/zvdcwe.jpg,zvdcwe
work/9z3sk7.jpg,9z3sk7
work/e54a2i.jpg,e54a2i
work/a0exx0.jpg,a0exx0
work/gkkil5.jpg,gkkil5
work/eqp2v.jpg,eqp2v
work/wyc74d.jpg,wyc74d
work/k4cz9i.jpg,k4cz9i
work/lwmaa6.jpg,lwmaa6
work/sf6egn.jpg,sf6egn
work/il9ipl.jpg,il9ipl
work/fh1vl7.jpg,fh1vl7
work/ds3u9u.jpg,ds3u9u
work/7bzzhn.jpg,7bzzhn
work/840zd9.jpg,840zd9
work/y1abpj.jpg,y1abpj
work/wz8i0f.jpg,wz8i0f
work/ilg89u.jpg,ilg89u
work/cfgrfr.jpg,cfgrfr
work/cyhchn.jpg,cyhchn
work/wvpla3.jpg,wvpla3
work/h6f45d.jpg,h6f45d
work/4f1irg.jpg,4f1irg
work/cdfbba.jpg,cdfbba
work/omeyiq.jpg,omeyiq
work/4mqp2r.jpg,4mqp2r
work/pdxj5b.jpg,pdxj5b
work/dk2njx.jpg,dk2njx
work/a781op.jpg,a781op
work/lbeaxf.jpg,lbeaxf
work/psoh76.jpg,psoh76
work/2lsq9u.jpg,2lsq9u
work/zn1fbp.jpg,zn1fbp
work/1jhtvk.jpg,1jhtvk
work/b1w0yr.jpg,b1w0yr
work/m1b1hw.jpg,m1b1hw
work/7k19nw.jpg,7k19nw
work/my9zh9.jpg,my9zh9
work/iarc8u.jpg,iarc8u
work/cys8y4.jpg,cys8y4
work/03tnpz.jpg,03tnpz
work/tdvs6i.jpg,tdvs6i
work/w5332d.jpg,w5332d
work/7612k8.jpg,7612k8
work/8gnscm.jpg,8gnscm
work/2cwl59.jpg,2cwl59
work/fddkcc.jpg,fddkcc
work/nr4lk2.jpg,nr4lk2
work/3lckru.jpg,3lckru
work/0rugwn.jpg,0rugwn
work/mvabOf.jpg,mvabOf
work/x1pvhn.jpg,x1pvhn
work/zmycpf.jpg,zmycpf
work/5hpjof.jpg,5hpjof
work/qw5u0h.jpg,qw5u0h
work/blyrpa.jpg,blyrpa
work/fkri2f.jpg,fkri2f
work/4at4uo.jpg,4at4uo
work/tmgu15.jpg,tmgu15
work/1ycqvz.jpg,1ycqvz
work/3ahqfr.jpg,3ahqfr
work/wbf5gp.jpg,wbf5gp
work/3b46jf.jpg,3b46jf
work/vadpy7.jpg,vadpy7
work/uejrar.jpg,uejrar
work/j6gmwy.jpg,j6gmwy
work/bldz98.jpg,bldz98
work/25nen3.jpg,25nen3
work/k4nygu.jpg,k4nygu
work/8m3tht.jpg,8m3tht
work/7zt8ei.jpg,7zt8ei
work/zec24g.jpg,zec24g
work/qhavj3.jpg,qhavj3
work/amucj4.jpg,amucj4
work/j4dv8h.jpg,j4dv8h
work/4wgedk.jpg,4wgedk
work/jjuhui.jpg,jjuhui
work/0hgobt.jpg,0hgobt
work/x00z5t.jpg,x00z5t
work/9iqdq1.jpg,9iqdq1
work/na6fy8.jpg,na6fy8
work/ioi6wo.jpg,ioi6wo
work/aeyxml.jpg,aeyxml
work/zh6hyc.jpg,zh6hyc
work/c5ppbo.jpg,c5ppbo
work/qwa5ec.jpg,qwa5ec
work/z70wwx.jpg,z70wwx
work/1ekzhg.jpg,1ekzhg
work/ux7lqz.jpg,ux7lqz
work/3ldmai.jpg,3ldmai
work/ze532b.jpg,ze532b
work/z0cct5.jpg,z0cct5
work/yrnto2.jpg,yrnto2
work/geisxf.jpg,geisxf
work/uw9ti2.jpg,uw9ti2
work/xj70qv.jpg,xj70qv
work/661c9s.jpg,661c9s
work/afy9kc.jpg,afy9kc
work/xzc0py.jpg,xzc0py
work/jd81ox.jpg,jd81ox
work/pyj3dl.jpg,pyj3dl
work/a1sb5k.jpg,a1sb5k
work/65639s.jpg,65639s
work/74gp1x.jpg,74gp1x
work/5r4g1k.jpg,5r4g1k
work/0jo4ms.jpg,0jo4ms
work/dto4qr.jpg,dto4qr
work/rtyiq0.jpg,rtyiq0
work/a9pilh.jpg,a9pilh
work/11m2t9.jpg,11m2t9
work/lenkxv.jpg,lenkxv
work/5r66c2.jpg,5r66c2
work/k67ho2.jpg,k67ho2
work/c0o194.jpg,c0o194
work/ye9run.jpg,ye9run
work/degeiw.jpg,degeiw
work/t48qvf.jpg,t48qvf
work/bgnvf2.jpg,bgnvf2
work/b9wagf.jpg,b9wagf
work/2bzyr6.jpg,2bzyr6
work/fymr21.jpg,fymr21
work/fepe6h.jpg,fepe6h
work/8zfx7n.jpg,8zfx7n
work/nzqfz1.jpg,nzqfz1
work/onavjf.jpg,onavjf
work/o[7fot.jpg,o[7fot
work/wngl9t.jpg,wngl9t
work/lc79lh.jpg,lc79lh
work/3yjqdj.jpg,3yjqdj
work/otcfy8.jpg,otcfy8
work/bc71a7.jpg,bc71a7
work/t0wy79.jpg,t0wy79
work/vwyqef.jpg,vwyqef
work/vrnq2q.jpg,vrnq2q
work/b88rig.jpg,b88rig
work/ic5dls.jpg,ic5dls
work/3ldiwl.jpg,3ldiwl
work/k61s66.jpg,k61s66
work/4y3f7h.jpg,4y3f7h
work/0bfqwr.jpg,0bfqwr
work/gzl1uy.jpg,gzl1uy
work/6zhivi.jpg,6zhivi
work/8pc7iy.jpg,8pc7iy
work/1oet0n.jpg,1oet0n
work/kvkksl.jpg,kvkksl
work/cz9rz1.jpg,cz9rz1
work/equwdi.jpg,equwdi
work/y978t8.jpg,y978t8
work/ltdmv8.jpg,ltdmv8
work/nx0ahw.jpg,nx0ahw
work/v263a8.jpg,v263a8
work/8fp2ma.jpg,8fp2ma
work/d6kiia.jpg,d6kiia
work/hrzdw1.jpg,hrzdw1
work/1fybdl.jpg,1fybdl
work/weotwo.jpg,weotwo
work/rcuw74.jpg,rcuw74
work/dx2lvb.jpg,dx2lvb
work/0lsxs1.jpg,0lsxs1
work/jd4fac.jpg,jd4fac
work/6r8qty.jpg,6r8qty
work/2z0e2t.jpg,2z0e2t
work/aqfibu.jpg,aqfibu
work/6u67oq.jpg,6u67oq
work/jab0vy.jpg,jab0vy
work/t0uy9v.jpg,t0uy9v
work/yudfja.jpg,yudfja
work/hm5mxt.jpg,hm5mxt
work/e5yact.jpg,e5yact
work/xg2wrh.jpg,xg2wrh
work/blv1ur.jpg,blv1ur
work/9nkics.jpg,9nkics
work/4jasgs.jpg,4jasgs
work/mxi0vg.jpg,mxi0vg
work/h26teb.jpg,h26teb
work/ikn6s6.jpg,ikn6s6
work/sbeuqf.jpg,sbeuqf
work/7kd09q.jpg,7kd09q
work/96c3yx.jpg,96c3yx
work/bupheq.jpg,bupheq
work/flhq85.jpg,flhq85
work/r81qx4.jpg,r81qx4
work/g1larb.jpg,g1larb
work/9fktp6.jpg,9fktp6
work/oywmnm.jpg,oywmnm
work/vaxhsk.jpg,vaxhsk
work/l9whmx.jpg,l9whmx
work/d00e8d.jpg,d00e8d
work/xci6u2.jpg,xci6u2
work/3kc8o7.jpg,3kc8o7
work/6kdkxb.jpg,6kdkxb
work/chduv9.jpg,chduv9
work/15go1x.jpg,15go1x
work/hp2yzc.jpg,hp2yzc
work/ptpx8y.jpg,ptpx8y
work/er18pi.jpg,er18pi
work/ds6ey4.jpg,ds6ey4
work/wxfk5i.jpg,wxfk5i
work/o08p4a.jpg,o08p4a
work/p1tfmb.jpg,p1tfmb
work/i0byvh.jpg,i0byvh
work/b8ofe8.jpg,b8ofe8
work/gu16tw.jpg,gu16tw
work/57mu7u.jpg,57mu7u
work/ai7bk4.jpg,ai7bk4
work/sstdvu.jpg,sstdvu
work/mr08br.jpg,mr08br
work/ycuet.jpg,ycuet
work/i8kx8o.jpg,i8kx8o
work/zwjzqm.jpg,zwjzqm
work/iwqg9.jpg,iwqg9
work/pcs5gh.jpg,pcs5gh
work/0h7y24.jpg,0h7y24
work/0dixnk.jpg,0dixnk
work/e74dn8.jpg,e74dn8
work/qfhkd9.jpg,qfhkd9
work/amh2iv.jpg,amh2iv
work/hecyx7.jpg,hecyx7
work/mop720.jpg,mop720
work/od5va9.jpg,od5va9
work/w9fkjh.jpg,w9fkjh
work/7j8ua7.jpg,7j8ua7
work/0njvhd.jpg,0njvhd
work/zq9zlt.jpg,zq9zlt
work/qooo0x.jpg,qooo0x
work/4psasj.jpg,4psasj
work/cnfbyc.jpg,cnfbyc
work/q2d8u0.jpg,q2d8u0
work/kvslst.jpg,kvslst
work/0p578q.jpg,0p578q
work/8f1jhg.jpg,8f1jhg
work/suzm7z.jpg,suzm7z
work/60l72c.jpg,60l72c
work/0k29hl.jpg,0k29hl
work/ml4lu3.jpg,ml4lu3
work/6wsps2.jpg,6wsps2
work/oc31sa.jpg,oc31sa
work/ia2wr1.jpg,ia2wr1
work/fuco0w.jpg,fuco0w
work/kxx9rg.jpg,kxx9rg
work/a44w35.jpg,a44w35
work/uenk1g.jpg,uenk1g
work/xocss1.jpg,xocss1
work/htaydl.jpg,htaydl
work/wjd4yo.jpg,wjd4yo
work/opqdf2.jpg,opqdf2
work/ozhwwj.jpg,ozhwwj
work/hccq01.jpg,hccq01
work/g48b2i.jpg,g48b2i
work/nrvcar.jpg,nrvcar
work/8qayj3.jpg,8qayj3
work/9seksa.jpg,9seksa
work/ndklre.jpg,ndklre
work/3fx0n8.jpg,3fx0n8
work/slkvci.jpg,slkvci
work/1pljgf.jpg,1pljgf
work/ubkuq8.jpg,ubkuq8
work/pp12w2.jpg,pp12w2
work/6i1pqh.jpg,6i1pqh
work/016bwu.jpg,016bwu
work/pwyre1.jpg,pwyre1
work/4232n1.jpg,4232n1
work/8hpw1z.jpg,8hpw1z
work/t3d0tj.jpg,t3d0tj
work/he0ux4.jpg,he0ux4
work/v3m64y.jpg,v3m64y
work/mno6k0.jpg,mno6k0
work/dt4blh.jpg,dt4blh
work/8fytit.jpg,8fytit
work/0hqefk.jpg,0hqefk
work/jj1123.jpg,jj1123
work/7tlq4u.jpg,7tlq4u
work/km84dl.jpg,km84dl
work/c6bzem.jpg,c6bzem
work/pinsft.jpg,pinsft
work/49x3zp.jpg,49x3zp
work/l0aab0.jpg,l0aab0
work/luacdg.jpg,luacdg
work/ppnatz.jpg,ppnatz
work/tcjtt0.jpg,tcjtt0
work/poyfr0.jpg,poyfr0
work/xzena8.jpg,xzena8
work/8ey8yu.jpg,8ey8yu
work/1dh5k2.jpg,1dh5k2
work/1y4dbm.jpg,1y4dbm
work/hv9jq0.jpg,hv9jq0
work/jcuzpn.jpg,jcuzpn
work/9n6m8l.jpg,9n6m8l
work/k8k3oi.jpg,k8k3oi
work/k6jrud.jpg,k6jrud
work/taeosa.jpg,taeosa
work/d9hnao.jpg,d9hnao
work/bbaam8.jpg,bbaam8
work/e236js.jpg,e236js
work/u11nzb.jpg,u11nzb
work/5rr8ir.jpg,5rr8ir
work/2yxjh3.jpg,2yxjh3
work/h3dp2i.jpg,h3dp2i
work/ah673r.jpg,ah673r
work/ij693z.jpg,ij693z
work/d77nde.jpg,d77nde
work/v5kuzd.jpg,v5kuzd
work/yg0cso.jpg,yg0cso
work/e7elwq.jpg,e7elwq
work/v8df0e.jpg,v8df0e
work/0dknii.jpg,0dknii
work/052in5.jpg,052in5
work/zepjtp.jpg,zepjtp
work/n402j0.jpg,n402j0
work/1r2o7l.jpg,1r2o7l
work/dlteiw.jpg,dlteiw
work/jfkiwa.jpg,jfkiwa
work/ce32wc.jpg,ce32wc
work/vd8mwy.jpg,vd8mwy
work/7lsdu2.jpg,7lsdu2
work/4cxzf2.jpg,4cxzf2
work/aa08dc.jpg,aa08dc
work/38imyz.jpg,38imyz
work/t3o87q.jpg,t3o87q
work/je9pop.jpg,je9pop
work/3nsvso.jpg,3nsvso
work/tfeqow.jpg,tfeqow
work/koe8zt.jpg,koe8zt
work/cmyqu7.jpg,cmyqu7
work/1gilcq.jpg,1gilcq
work/z5tftf.jpg,z5tftf
work/lzrfrc.jpg,lzrfrc
work/cn0fyd.jpg,cn0fyd
work/baixqj.jpg,baixqj
work/7qfotf.jpg,7qfotf
work/601na9.jpg,601na9
work/fu70pm.jpg,fu70pm
work/92i09z.jpg,92i09z
work/b5496c.jpg,b5496c
work/wi2i6h.jpg,wi2i6h
work/cd19s9.jpg,cd19s9
work/4vxpbt.jpg,4vxpbt
work/tb1913.jpg,tb1913
work/swfki3.jpg,swfki3
work/y2vr7c.jpg,y2vr7c
work/6rhqhw.jpg,6rhqhw
work/7gca4r.jpg,7gca4r
work/2182i7.jpg,2182i7
work/4fgyci.jpg,4fgyci
work/aynybx.jpg,aynybx
work/roky1s.jpg,roky1s
work/r9adip.jpg,r9adip
work/lfm5y7.jpg,lfm5y7
work/qerky4.jpg,qerky4
work/3vjffq.jpg,3vjffq
work/tgye1e.jpg,tgye1e
work/rrrw7s.jpg,rrrw7s
work/xsqghx.jpg,xsqghx
work/hpbzsx.jpg,hpbzsx
work/xclasz.jpg,xclasz
work/98m33q.jpg,98m33q
work/6oqinj.jpg,6oqinj
work/x151dd.jpg,x151dd
work/px1i0j.jpg,px1i0j
work/q6m73j.jpg,q6m73j
work/cgxj84.jpg,cgxj84
work/4j3nta.jpg,4j3nta
work/od4iv1.jpg,od4iv1
work/u4c3pj.jpg,u4c3pj
work/7xghjd.jpg,7xghjd
work/2ra23v.jpg,2ra23v
work/eudn7k.jpg,eudn7k
work/s987a5.jpg,s987a5
work/2xfh4r.jpg,2xfh4r
work/7vnuym.jpg,7vnuym
work/cn5rvg.jpg,cn5rvg
work/pzx5cg.jpg,pzx5cg
work/h5xwvy.jpg,h5xwvy
work/lcf9gy.jpg,lcf9gy
work/w7ti8p.jpg,w7ti8p
work/hqbvwq.jpg,hqbvwq
work/aag404.jpg,aag404
work/on21ze.jpg,on21ze
work/2azo4l.jpg,2azo4l
work/ajltg3.jpg,ajltg3
work/ygohps.jpg,ygohps
work/talb63.jpg,talb63
work/1wxu48.jpg,1wxu48
work/0si5xp.jpg,0si5xp
work/v2203x.jpg,v2203x
work/fdohe.jpg,fdohe
work/8fco4t.jpg,8fco4t
work/q8zsij.jpg,q8zsij
work/2jkqn8.jpg,2jkqn8
work/h0fo8y.jpg,h0fo8y
work/0sy30s.jpg,0sy30s
work/5gqhn5.jpg,5gqhn5
work/6ytjo9.jpg,6ytjo9
work/ooxo5a.jpg,ooxo5a
work/7quvz0.jpg,7quvz0
work/b7rs55.jpg,b7rs55
work/j3zz1q.jpg,j3zz1q
work/jucmaj.jpg,jucmaj
work/rlqdpc.jpg,rlqdpc
work/192vm3.jpg,192vm3
work/c73a3a.jpg,c73a3a
work/3afve3.jpg,3afve3
work/4fx91f.jpg,4fx91f
work/sfvw1a.jpg,sfvw1a
work/3r484m.jpg,3r484m
work/ldvd4d.jpg,ldvd4d
work/zo6cna.jpg,zo6cna
work/2z58p3.jpg,2z58p3
work/qq3nly.jpg,qq3nly
work/q213fo.jpg,q213fo
work/hcet5o.jpg,hcet5o
work/0hwo65.jpg,0hwo65
work/gnvz14.jpg,gnvz14
work/5xo1cy.jpg,5xo1cy
work/lg3i3j.jpg,lg3i3j
work/nbnbwd.jpg,nbnbwd
work/i19d35.jpg,i19d35
work/g2qj5j.jpg,g2qj5j
work/p3i92q.jpg,p3i92q
work/n5vs3y.jpg,n5vs3y
work/32p3ax.jpg,32p3ax
work/09uj2o.jpg,09uj2o
work/c5ok9v.jpg,c5ok9v
work/mthcd2.jpg,mthcd2
work/kq5449.jpg,kq5449
work/rec3as.jpg,rec3as
work/o40vam.jpg,o40vam
work/ga6yc7.jpg,ga6yc7
work/u0s982.jpg,u0s982
work/2aqobx.jpg,2aqobx
work/242a31.jpg,242a31
work/ps2uaj.jpg,ps2uaj
work/g6eek6.jpg,g6eek6
work/x8xrow.jpg,x8xrow
work/ho80vw.jpg,ho80vw
work/u2btco.jpg,u2btco
work/3ky9hc.jpg,3ky9hc
work/3pgc7i.jpg,3pgc7i
work/a1je59.jpg,a1je59
work/t0tnov.jpg,t0tnov
work/4nt2vv.jpg,4nt2vv
work/uny5hs.jpg,uny5hs
work/tf35u6.jpg,tf35u6
work/1vtz05.jpg,1vtz05
work/r5snkk.jpg,r5snkk
work/0gbnv5.jpg,0gbnv5
work/mwlxunn.jpg,mwlxunn
work/qnpdv1.jpg,qnpdv1
work/u2u6sf.jpg,u2u6sf
work/pt5zuu.jpg,pt5zuu
work/lkzxu0.jpg,lkzxu0
work/243lr4.jpg,243lr4
work/kl5vrb.jpg,kl5vrb
work/2ugh7c.jpg,2ugh7c
work/zybmma.jpg,zybmma
work/fufkk3.jpg,fufkk3
work/vd75yc.jpg,vd75yc
work/fk2827.jpg,fk2827
work/tetbjd.jpg,tetbjd
work/64jh7b.jpg,64jh7b
work/iz4r9q.jpg,iz4r9q
work/h7or18.jpg,h7or18
work/h10wt3.jpg,h10wt3
work/aoe0zc.jpg,aoe0zc
work/9sg4zs.jpg,9sg4zs
work/4pdkxd.jpg,4pdkxd
work/lzphbg.jpg,lzphbg
work/gqcb8y.jpg,gqcb8y
work/yr9qpq.jpg,yr9qpq
work/yapr7v.jpg,yapr7v
work/o61zho.jpg,o61zho
work/z05gz6.jpg,z05gz6
work/pa3sun.jpg,pa3sun
work/cyleaz.jpg,cyleaz
work/i5mdab.jpg,i5mdab
work/19muc3.jpg,19muc3
work/7zmnss.jpg,7zmnss
work/v0jj36.jpg,v0jj36
work/203vuz.jpg,203vuz
work/0di0nv.jpg,0di0nv
work/wfs55c.jpg,wfs55c
work/hoe6fc.jpg,hoe6fc
work/wnpsjq.jpg,wnpsjq
work/eytvw2.jpg,eytvw2
work/o8t6rt.jpg,o8t6rt
work/ka7j99.jpg,ka7j99
work/tdluvt.jpg,tdluvt
work/x30dmy.jpg,x30dmy
work/09nq5e.jpg,09nq5e
work/qf9coy.jpg,qf9coy
work/10c5bo.jpg,10c5bo
work/wc2rcu.jpg,wc2rcu
work/57ymhr.jpg,57ymhr
work/78mdkr.jpg,78mdkr
work/30412y.jpg,30412y
work/bmw34v.jpg,bmw34v
work/humbb.jpg,humbb
work/9p5k0d.jpg,9p5k0d
work/xb664c.jpg,xb664c
work/383o2t.jpg,383o2t
work/56413z.jpg,56413z
work/heb80f.jpg,heb80f
work/82jjvr.jpg,82jjvr
work/4kjho5.jpg,4kjho5
work/rtg5eh.jpg,rtg5eh
work/xrolhf.jpg,xrolhf
work/k077sd.jpg,k077sd
work/i6s2fo.jpg,i6s2fo
work/jhbo0j.jpg,jhbo0j
work/rq8kan.jpg,rq8kan
work/uflqf6.jpg,uflqf6
work/3gujh8.jpg,3gujh8
work/t8oi1b.jpg,t8oi1b
work/b9686l.jpg,b9686l
work/yul2fc.jpg,yul2fc
work/0sgsqe.jpg,0sgsqe
work/rdluwb.jpg,rdluwb
work/4u3j7n.jpg,4u3j7n
work/n7agc0.jpg,n7agc0
work/ej4k0s.jpg,ej4k0s
work/l8a8ag.jpg,l8a8ag
work/p5txyp.jpg,p5txyp
work/80n4kp.jpg,80n4kp
work/mai4y5.jpg,mai4y5
work/ssu433.jpg,ssu433
work/3nqydu.jpg,3nqydu
work/lyjd0b.jpg,lyjd0b
work/otoszl.jpg,otoszl
work/pzf0i8.jpg,pzf0i8
work/q42evO.jpg,q42evO
work/k5mg06.jpg,k5mg06
work/t6608y.jpg,t6608y
work/ha2ske.jpg,ha2ske
work/d1y8jx.jpg,d1y8jx
work/t060gd.jpg,t060gd
work/ocm69d.jpg,ocm69d
work/q9gz07.jpg,q9gz07
work/hj0iln.jpg,hj0iln
work/opa9og.jpg,opa9og
work/ztzemy.jpg,ztzemy
work/apdkcl.jpg,apdkcl
work/5o03mb.jpg,5o03mb
work/0j8ztx.jpg,0j8ztx
work/bb9zsi.jpg,bb9zsi
work/0kwyja.jpg,0kwyja
work/fmpjp5.jpg,fmpjp5
work/qr3nf2.jpg,qr3nf2
work/wuq3bz.jpg,wuq3bz
work/hwgfzq.jpg,hwgfzq
work/86zfjd.jpg,86zfjd
work/9o9xr2.jpg,9o9xr2
work/77yrvr.jpg,77yrvr
work/6amc7y.jpg,6amc7y
work/h8vuf8.jpg,h8vuf8
work/0dwg55.jpg,0dwg55
work/5ns5wc.jpg,5ns5wc
work/yrczfh.jpg,yrczfh
work/ppdzum.jpg,ppdzum
work/ynpgvp.jpg,ynpgvp
work/v66fx9.jpg,v66fx9
work/mi9a1h.jpg,mi9a1h
work/pealbk.jpg,pealbk
work/ear8ie.jpg,ear8ie
work/lb2hl0.jpg,lb2hl0
work/4dbiqf.jpg,4dbiqf
work/scm8sw.jpg,scm8sw
work/fr9ifh.jpg,fr9ifh
work/nlmalv.jpg,nlmalv
work/kaiiyf.jpg,kaiiyf
work/vapqx8.jpg,vapqx8
work/nqefnl.jpg,nqefnl
work/sody7b.jpg,sody7b
work/zwemdz.jpg,zwemdz
work/8ad9pk.jpg,8ad9pk
work/9ahnz8.jpg,9ahnz8
work/wqbe2c.jpg,wqbe2c
work/jpolj0.jpg,jpolj0
work/h218n3.jpg,h218n3
work/gpx38j.jpg,gpx38j
work/li3p0f.jpg,li3p0f
work/e11ugk.jpg,e11ugk
work/61bt4z.jpg,61bt4z
work/185alx.jpg,185alx
work/fwnhtt.jpg,fwnhtt
work/q0j1mb.jpg,q0j1mb
work/2xm1ml.jpg,2xm1ml
work/6l6h42.jpg,6l6h42
work/pahyut.jpg,pahyut
work/qjubhy.jpg,qjubhy
work/83xyde.jpg,83xyde
work/03fld2.jpg,03fld2
work/awx9x7.jpg,awx9x7
work/7ny1p3.jpg,7ny1p3
work/w7lgng.jpg,w7lgng
work/q70zo7.jpg,q70zo7
work/1hnmom.jpg,1hnmom
work/wo8w9f.jpg,wo8w9f
work/k07yhj.jpg,k07yhj
work/mcb0hf.jpg,mcb0hf
work/a05fk2.jpg,a05fk2
work/8x5yqy.jpg,8x5yqy
work/mmw8n9.jpg,mmw8n9
work/6ry11m.jpg,6ry11m
work/1gooto.jpg,1gooto
work/8d55bn.jpg,8d55bn
work/snn9n1.jpg,snn9n1
work/s1l3nb.jpg,s1l3nb
work/adz0m3.jpg,adz0m3
work/rhxdn7.jpg,rhxdn7
work/owfp0z.jpg,owfp0z
work/5e7abx.jpg,5e7abx
work/rwe9vs.jpg,rwe9vs
work/mtfwso.jpg,mtfwso
work/0qu7ir.jpg,0qu7ir
work/4964xm.jpg,4964xm
work/ly84mi.jpg,ly84mi
work/cvcs60.jpg,cvcs60
work/boxy4a.jpg,boxy4a
work/n45c60.jpg,n45c60
work/oya2lx.jpg,oya2lx
work/jgwzs6.jpg,jgwzs6
work/7x9rhq.jpg,7x9rhq
work/6t7rkr.jpg,6t7rkr
work/hmucci.jpg,hmucci
work/0fzepo.jpg,0fzepo
work/lcjymn.jpg,lcjymn
work/i914r7.jpg,i914r7
work/tuxisa.jpg,tuxisa
work/ukf16r.jpg,ukf16r
work/ypn408.jpg,ypn408
work/lyp85v.jpg,lyp85v
work/67ejyw.jpg,67ejyw
work/xvcfi9.jpg,xvcfi9
work/juhqii.jpg,juhqii
work/b1ci44.jpg,b1ci44
work/2qlele.jpg,2qlele
work/p0jeuu.jpg,p0jeuu
work/y0m7wn.jpg,y0m7wn
work/8bj103.jpg,8bj103
work/uj1s7t.jpg,uj1s7t
work/kmk5yq.jpg,kmk5yq
work/vqf58o.jpg,vqf58o
work/npwl38.jpg,npwl38
work/2wo3ya.jpg,2wo3ya
work/fqthz2.jpg,fqthz2
work/no5ny5.jpg,no5ny5
work/3bep3n.jpg,3bep3n
work/d0e0xf.jpg,d0e0xf
work/mpp0yv.jpg,mpp0yv
work/g7svki.jpg,g7svki
work/018pe9.jpg,018pe9
work/45kg4w.jpg,45kg4w
work/perndr.jpg,perndr
work/nib9pf.jpg,nib9pf
work/q4lspv.jpg,q4lspv
work/4fqh6s.jpg,4fqh6s
work/lff370.jpg,lff370
work/nvikym.jpg,nvikym
work/fg4w6f.jpg,fg4w6f
work/p6vl1n.jpg,p6vl1n
work/fmc425.jpg,fmc425
work/ihi8s1.jpg,ihi8s1
work/gabqoc.jpg,gabqoc
work/d8hujf.jpg,d8hujf
work/6k7zgf.jpg,6k7zgf
work/chf47q.jpg,chf47q
work/hibd6b.jpg,hibd6b
work/9sy5ia.jpg,9sy5ia
work/xwe1oa.jpg,xwe1oa
work/b82pcc.jpg,b82pcc
work/pn9f7q.jpg,pn9f7q
work/zk39tw.jpg,zk39tw
work/qayox1.jpg,qayox1
work/d65xb0.jpg,d65xb0
work/q6w7jr.jpg,q6w7jr
work/v2l625.jpg,v2l625
work/rd7pve.jpg,rd7pve
work/blnv0f.jpg,blnv0f
work/xmczt0.jpg,xmczt0
work/6vv9g8.jpg,6vv9g8
work/cx12tp.jpg,cx12tp
work/y6rg5z.jpg,y6rg5z
work/x6hjp5.jpg,x6hjp5
work/8kisi2.jpg,8kisi2
work/0erefl.jpg,0erefl
work/ebgg5p.jpg,ebgg5p
work/pezlxp.jpg,pezlxp
work/p61xj5.jpg,p61xj5
work/0xetcf.jpg,0xetcf
work/9nkjyf.jpg,9nkjyf
work/h22j5m.jpg,h22j5m
work/z7jrtp.jpg,z7jrtp
work/m03jve.jpg,m03jve
work/aw8s49.jpg,aw8s49
work/5f5ept.jpg,5f5ept
work/wv48k0.jpg,wv48k0
work/v19vze.jpg,v19vze
work/7jy01z.jpg,7jy01z
work/zwts2e.jpg,zwts2e
work/iwtvg2.jpg,iwtvg2
work/edqms2.jpg,edqms2
work/9ihx47.jpg,9ihx47
work/rzgi91.jpg,rzgi91
work/jok13u.jpg,jok13u
work/t1uobr.jpg,t1uobr
work/crrlzl.jpg,crrlzl
work/hlv8sm.jpg,hlv8sm
work/mdn2q5.jpg,mdn2q5
work/eucc4z.jpg,eucc4z
work/h26tip.jpg,h26tip
work/i3xx2n.jpg,i3xx2n
work/joj8qz.jpg,joj8qz
work/x2sr1d.jpg,x2sr1d
work/3dobca.jpg,3dobca
work/qq408a.jpg,qq408a
work/6lra0s.jpg,6lra0s
work/9yu3a4.jpg,9yu3a4
work/qo75po.jpg,qo75po
work/xlyooo.jpg,xlyooo
work/20xucp.jpg,20xucp
work/1qqnk8.jpg,1qqnk8
work/u03g5z.jpg,u03g5z
work/gy47gw.jpg,gy47gw
work/1f9og0.jpg,1f9og0
work/23j4j7.jpg,23j4j7
work/tsh53w.jpg,tsh53w
work/25ibxq.jpg,25ibxq
work/375fig.jpg,375fig
work/5iryhm.jpg,5iryhm
work/2jo92m.jpg,2jo92m
work/wnt8iz.jpg,wnt8iz
work/22use5.jpg,22use5
work/vneg11.jpg,vneg11
work/nh44i4.jpg,nh44i4
work/ninwlp.jpg,ninwlp
work/io86wu.jpg,io86wu
work/184rvv.jpg,184rvv
work/c4jmtz.jpg,c4jmtz
work/9cyfzj.jpg,9cyfzj
work/dh2ca6.jpg,dh2ca6
work/fmlocl.jpg,fmlocl
work/2lsy4j.jpg,2lsy4j
work/m1vp8n.jpg,m1vp8n
work/orh9kz.jpg,orh9kz
work/52vvv4.jpg,52vvv4
work/buekgu.jpg,buekgu
work/6xyftg.jpg,6xyftg
work/lafaqni.jpg,lafaqni
work/8qjk6y.jpg,8qjk6y
work/ou0bpf.jpg,ou0bpf
work/o34chr.jpg,o34chr
work/i22tka.jpg,i22tka
work/vu1wum.jpg,vu1wum
work/lq2pad.jpg,lq2pad
work/04lhse.jpg,04lhse
work/7ym1z.jpg,7ym1z
work/rx02bg.jpg,rx02bg
work/tyl415.jpg,tyl415
work/1n7ngp.jpg,1n7ngp
work/z9vr8n.jpg,z9vr8n
work/4wgw02.jpg,4wgw02
work/c8bu65.jpg,c8bu65
work/rp3fu2.jpg,rp3fu2
work/ptvi5b.jpg,ptvi5b
work/o4ipi4.jpg,o4ipi4
work/a7cjq0.jpg,a7cjq0
work/yqrak3.jpg,yqrak3
work/7iiwfz.jpg,7iiwfz
work/w0zm9f.jpg,w0zm9f
work/au3rvr.jpg,au3rvr
work/m2muga.jpg,m2muga
work/i4qbxl.jpg,i4qbxl
work/zjhjqo.jpg,zjhjqo
work/lq1wff.jpg,lq1wff
work/wea9d7.jpg,wea9d7
work/1ybc52.jpg,1ybc52
work/otyyae.jpg,otyyae
work/3l3qk7.jpg,3l3qk7
work/8j8jke.jpg,8j8jke
work/gqgifk.jpg,gqgifk
work/s80fh2.jpg,s80fh2
work/7oecpg.jpg,7oecpg
work/lw1bay.jpg,lw1bay
work/ru7unl.jpg,ru7unl
work/7s9fyv.jpg,7s9fyv
work/r4btsw.jpg,r4btsw
work/3lffie.jpg,3lffie
work/tjg5em.jpg,tjg5em
work/24na77.jpg,24na77
work/byoc1.jpg,byoc1
work/d047o8.jpg,d047o8
work/qrzs3k.jpg,qrzs3k
work/kv4pln.jpg,kv4pln
work/hoqwbm.jpg,hoqwbm
work/wsxrhv.jpg,wsxrhv
work/5hne1e.jpg,5hne1e
work/enh467.jpg,enh467
work/iov4lf.jpg,iov4lf
work/z6gwy5.jpg,z6gwy5
work/n0kyxd.jpg,n0kyxd
work/hqrs3z.jpg,hqrs3z
work/xbe6ie.jpg,xbe6ie
work/ywlaea.jpg,ywlaea
work/bb6bpo.jpg,bb6bpo
work/axk4q6.jpg,axk4q6
work/4ibuoc.jpg,4ibuoc
work/r9nx5i.jpg,r9nx5i
work/p640iw.jpg,p640iw
work/2hsgb5.jpg,2hsgb5
work/gd23me.jpg,gd23me
work/rsfn6m.jpg,rsfn6m
work/cm4e27.jpg,cm4e27
work/z2rjbh.jpg,z2rjbh
work/hs7fu4.jpg,hs7fu4
work/r7c09v.jpg,r7c09v
work/72pga4.jpg,72pga4
work/zf9i93.jpg,zf9i93
work/99lyuj.jpg,99lyuj
work/hwds7t.jpg,hwds7t
work/0wivm1.jpg,0wivm1
work/7pnu1h.jpg,7pnu1h
work/turnjs.jpg,turnjs
work/1exedq.jpg,1exedq
work/2kgqy4.jpg,2kgqy4
work/04qm5n.jpg,04qm5n
work/nkm2qc.jpg,nkm2qc
work/adsnhr.jpg,adsnhr
work/bqmznc.jpg,bqmznc
work/u5bgkz.jpg,u5bgkz
work/vbhacz.jpg,vbhacz
work/3mc7i4.jpg,3mc7i4
work/vphizr.jpg,vphizr
work/njou65.jpg,njou65
work/txzh94.jpg,txzh94
work/fbr9wh.jpg,fbr9wh
work/19yf61.jpg,19yf61
work/frmmun.jpg,frmmun
work/omeguq.jpg,omeguq
work/mcfk22.jpg,mcfk22
work/x6bk5k.jpg,x6bk5k
work/rv23no.jpg,rv23no
work/7uotxa.jpg,7uotxa
work/qupgrc.jpg,qupgrc
work/6jhdbl.jpg,6jhdbl
work/g9g16.jpg,g9g16
work/3lndft.jpg,3lndft
work/sbcdhm.jpg,sbcdhm
work/xoib5b.jpg,xoib5b
work/jpbnjo.jpg,jpbnjo
work/kljamy.jpg,kljamy
work/xnmx1x.jpg,xnmx1x
work/mpo9n9.jpg,mpo9n9
work/wbxin3.jpg,wbxin3
work/pc3yf5.jpg,pc3yf5
work/bmhgy6.jpg,bmhgy6
work/7iz4ve.jpg,7iz4ve
work/ul99ja.jpg,ul99ja
